DEPTH,GR
1000.05,53.84
1000.2,56.4774
1000.35,57.719
1000.5001,57.8831
1000.65,53.4364
1000.8,55.0433
1000.95,54.3997
1001.1,51.7735
1001.2501,52.499
1001.4,55.5547
1001.55,57.2178
1001.7,58.6128
1001.85,60.3141
1002.0001,61.9425
1002.15,60.8896
1002.3,58.5867
1002.45,60.6034
1002.6,61.0404
1002.7501,61.4469
1002.9,57.4664
1003.05,56.1442
1003.2,58.0768
1003.35,58.1379
1003.5001,56.7972
1003.65,55.6708
1003.8,56.6742
1003.95,59.0642
1004.1,60.453
1004.2501,63.6089
1004.4,68.3251
1004.55,70.9904
1004.7,71.9101
1004.85,70.4525
1005.0001,68.0102
1005.15,66.5976
1005.3,63.1841
1005.45,59.3296
1005.6,61.2134
1005.7501,64.9586
1005.9,65.532
1006.05,66.7086
1006.2,64.9317
1006.35,65.0939
1006.5001,66.0709
1006.65,64.1569
1006.8,65.5086
1006.95,66.9108
1007.1,66.6
1007.2501,65.7623
1007.4,62.9485
1007.55,63.3042
1007.7,63.8156
1007.85,62.9072
1008.0001,65.9726
1008.15,64.8034
1008.3,65.7424
1008.45,68.3983
1008.6,70.0965
1008.7501,66.3974
1008.9,66.6679
1009.05,69.7161
1009.2,71.2126
1009.35,67.4191
1009.5001,68.72
1009.65,73.2107
1009.8,74.964
1009.95,71.8992
1010.1,64.2014
1010.2501,63.72
1010.4,63.6474
1010.55,63.2201
1010.7,60.8019
1010.85,61.9249
1011.0001,66.5646
1011.15,69.0554
1011.3,66.1553
1011.45,66.3142
1011.6,65.0886
1011.7501,66.3441
1011.9,65.8119
1012.05,64.0736
1012.2,62.3093
1012.35,63.1223
1012.5001,66.2224
1012.65,65.7457
1012.8,65.7206
1012.95,66.9851
1013.1,69.6487
1013.2501,71.7184
1013.4,69.6898
1013.55,67.9988
1013.7,66.1179
1013.85,63.6977
1014.0001,64.3209
1014.15,65.1187
1014.3,64.68
1014.45,65.6837
1014.6,67.2577
1014.7501,69.0104
1014.9,71.1147
1015.05,71.7566
1015.2,71.8921
1015.35,70.4801
1015.5001,68.2369
1015.65,71.5296
1015.8,74.9608
1015.95,76.7918
1016.1,75.3262
1016.2501,74.132
1016.4,77.8055
1016.55,79.2048
1016.7,77.1438
1016.85,75.2319
1017.0001,72.4921
1017.15,71.554
1017.3,75.0587
1017.45,79.413
1017.6,82.8144
1017.7501,84.4417
1017.9,85.654
1018.05,84.2815
1018.2,79.6542
1018.35,80.7422
1018.5001,79.3399
1018.65,85.0187
1018.8,85.99
1018.95,81
1019.1,83.62
1019.2501,84.257
1019.4,80.6049
1019.55,79.041
1019.7,79.5295
1019.85,80.6191
1020.0001,80.5389
1020.15,80.6264
1020.3,75.0914
1020.45,74.6667
1020.6,75.2609
1020.7501,76.5739
1020.9,78.6236
1021.05,79.6086
1021.2,79.8528
1021.35,79.4316
1021.5001,79.9046
1021.65,81.2467
1021.8,78.0993
1021.95,78.1527
1022.1,80.4149
1022.2501,81.675
1022.4,78.5749
1022.55,78.1318
1022.7,77.8491
1022.85,76.2859
1023.0001,78.0596
1023.15,82.419
1023.3,82.8588
1023.45,77.8316
1023.6,75.6359
1023.7501,77.4807
1023.9,77.0214
1024.05,74.6666
1024.2001,73.027
1024.3501,75.427
1024.5,80.0921
1024.65,79.4538
1024.8,77.3586
1024.9501,78.9109
1025.1001,81.1523
1025.25,81.9934
1025.4,80.2017
1025.55,77.7259
1025.7001,79.8049
1025.8501,81.8923
1026,82.4783
1026.15,83.7403
1026.3,88.0524
1026.4501,85.2329
1026.6001,80.4135
1026.75,77.2929
1026.9,80.4553
1027.05,82.3651
1027.2001,80.8762
1027.3501,77.1378
1027.5,74.8014
1027.65,71.8015
1027.8,73.3201
1027.9501,75.3493
1028.1001,76.5244
1028.25,75.4044
1028.4,73.1935
1028.55,70.68
1028.7001,71.9828
1028.8501,71.8149
1029,69.917
1029.15,70.4509
1029.3,74.6049
1029.4501,74.676
1029.6001,74.8557
1029.75,76.1916
1029.9,81.4701
1030.05,81.5462
1030.2001,79.3846
1030.3501,81.5312
1030.5,82.7044
1030.65,81.5469
1030.8,77.0027
1030.9501,76.6263
1031.1001,78.2951
1031.25,77.8459
1031.4,77.7249
1031.55,78.2832
1031.7001,74.4267
1031.8501,70.372
1032,70.7081
1032.15,73.4655
1032.3,75.2284
1032.4501,70.885
1032.6001,67.9945
1032.75,69.072
1032.9,70.0644
1033.05,69.9307
1033.2001,70.9902
1033.3501,74.7069
1033.5,78.1258
1033.65,78.3392
1033.8,78.0409
1033.9501,77.2844
1034.1001,74.6456
1034.25,73.9915
1034.4,73.5946
1034.55,74.6504
1034.7001,75.6785
1034.8501,73.7193
1035,72.6121
1035.15,74.3876
1035.3,77.3486
1035.4501,80.2556
1035.6001,79.4344
1035.75,80.9189
1035.9,81.0328
1036.05,80.018
1036.2001,80.0773
1036.3501,76.3846
1036.5,76.0151
1036.65,69.5
1036.8,69.4467
1036.9501,68.6053
1037.1001,64.7723
1037.25,66.0858
1037.4,68.6719
1037.55,68.1956
1037.7001,64.241
1037.8501,63.1468
1038,60.07
1038.15,47.01
1038.3,47.5885
1038.4501,50.3066
1038.6001,49.1498
1038.75,52.0035
1038.9,52.753
1039.05,49.9473
1039.2001,50.2154
1039.3501,48.0088
1039.5,50.0775
1039.65,51.9511
1039.8,52.9108
1039.9501,48.1444
1040.1001,49.2675
1040.25,51.2902
1040.4,52.7944
1040.55,55.4724
1040.7001,57.2502
1040.8501,55.2554
1041,55.4872
1041.15,54.5983
1041.3,54.9528
1041.4501,57.4465
1041.6001,59.2728
1041.75,57.8166
1041.9,54.827
1042.05,53.7692
1042.2001,53.5638
1042.3501,56.1556
1042.5,59.1087
1042.65,60.6275
1042.8,65.218
1042.9501,70.908
1043.1001,72.5997
1043.25,71.3671
1043.4,71.2568
1043.55,73.8151
1043.7001,74.9044
1043.8501,71.1878
1044,67.2266
1044.15,65.5169
1044.3,63.1201
1044.4501,62.1576
1044.6001,62.6073
1044.75,60.4294
1044.9,60.3171
1045.05,62.0823
1045.2001,66.2272
1045.3501,71.779
1045.5,73.2692
1045.65,72.0454
1045.8,69.5226
1045.9501,70.1845
1046.1001,66.9469
1046.25,67.2176
1046.4,65.3957
1046.55,62.8058
1046.7001,60.2645
1046.8501,61.1871
1047,58.8193
1047.15,59.2174
1047.3,60.5137
1047.4501,56.3382
1047.6001,53.38
1047.75,55.7981
1047.9,55.7619
1048.05,57.7667
1048.2001,60.1168
1048.3501,61.02
1048.5,63.5838
1048.65,62.348
1048.8,63.3321
1048.9501,64.5221
1049.1001,67.7817
1049.25,67.8849
1049.4,65.6175
1049.55,64.4881
1049.7001,65.5863
1049.8501,66.4004
1050,65.7326
1050.15,65.8412
1050.3,63.6829
1050.4501,63.5466
1050.6001,67.8303
1050.75,68.8297
1050.9,64.4379
1051.05,62.7362
1051.2001,61.8292
1051.3501,60.5655
1051.5,62.7129
1051.65,66.5394
1051.8,64.611
1051.9501,62.4187
1052.1001,64.1412
1052.25,65.9191
1052.4,64.5182
1052.55,62.162
1052.7001,64.2908
1052.8501,67.7049
1053,68.8978
1053.15,67.1537
1053.3,62.6571
1053.4501,59.454
1053.6001,54.8577
1053.75,50.2897
1053.9,47.1826
1054.05,45.6631
1054.2001,46.6335
1054.3501,49.4589
1054.5,52.9346
1054.65,52.6101
1054.8,51.7704
1054.9501,50.3163
1055.1001,48.0717
1055.25,49.0884
1055.4,52.5267
1055.55,56.3645
1055.7001,58.5786
1055.8501,55.3823
1056,53.3145
1056.15,51.1114
1056.3,53.8512
1056.4501,55.1549
1056.6001,55.5617
1056.75,52.8563
1056.9,56.0019
1057.05,57.56
1057.2001,55.77
1057.3501,56.4073
1057.5,56.0427
1057.65,55.4244
1057.8,56.3233
1057.9501,57.1538
1058.1001,58.499
1058.25,58.2938
1058.4,57.938
1058.55,59.7251
1058.7001,61.8219
1058.8501,60.7657
1059,57.8776
1059.15,58.4638
1059.3,56.8013
1059.4501,58.1047
1059.6001,61.1879
1059.75,62.9036
1059.9,60.9786
1060.05,60.0777
1060.2001,60.2124
1060.3501,63.3885
1060.5,65.5597
1060.65,62.681
1060.8,59.8475
1060.9501,60.521
1061.1001,62.2837
1061.25,60.9096
1061.4,56.37
1061.55,54.8501
1061.7001,55.0655
1061.8501,53.6743
1062,53.5805
1062.15,54.9478
1062.3,57.4519
1062.4501,60.3983
1062.6001,60.496
1062.75,61.4739
1062.9,64.5172
1063.05,65.2066
1063.2001,63.6975
1063.3501,58.963
1063.5,60.7437
1063.65,62.5612
1063.8,61.5122
1063.9501,60.3469
1064.1001,62.2982
1064.25,63.2821
1064.4,64.5275
1064.55,65.8801
1064.7001,64.2324
1064.8501,66.6098
1065,67.7085
1065.15,62.7112
1065.3,61.0888
1065.4501,62.131
1065.6001,64.1746
1065.75,64.5385
1065.9,62.2313
1066.05,61.3855
1066.2001,63.4774
1066.3501,64.7397
1066.5,60.4206
1066.65,65.08
1066.8,69.1069
1066.9501,68.8581
1067.1001,65.2303
1067.25,61.0732
1067.4,61.6634
1067.55,64.3066
1067.7001,61.997
1067.8501,62.7377
1068,63.4137
1068.15,68.345
1068.3,71.6422
1068.4501,70.2948
1068.6001,65.9388
1068.75,66.9493
1068.9,66.3143
1069.05,63.0444
1069.2001,65.7223
1069.3501,65.7235
1069.5,65.6652
1069.65,65.4548
1069.8,63.8889
1069.9501,62.2591
1070.1001,62.4452
1070.25,64.4558
1070.4,66.6883
1070.55,70.2238
1070.7001,74.0315
1070.8501,74.8189
1071,69.944
1071.15,66.7101
1071.3,64.2097
1071.4501,61.6413
1071.6001,62.4549
1071.75,63.3267
1071.9,65.0948
1072.05,67.4166
1072.2001,66.1675
1072.3501,63.6503
1072.5,62.9494
1072.65,61.7474
1072.8,63.0874
1072.9501,63.017
1073.1001,65.7584
1073.25,69.4252
1073.4,65.1482
1073.55,57.6122
1073.7001,58.1349
1073.8501,58.1031
1074,57.8323
1074.15,56.6901
1074.3,55.1802
1074.4501,54.7883
1074.6001,54.9579
1074.75,56.0567
1074.9,56.8579
1075.05,55.4067
1075.2001,55.8572
1075.3501,54.1286
1075.5,55.7311
1075.65,56.1015
1075.8,56.9556
1075.9501,57.5265
1076.1001,57.9901
1076.25,58.05
1076.4,56.5119
1076.55,52.4201
1076.7001,52.8672
1076.8501,53.9742
1077,52.8906
1077.15,53.204
1077.3,54.5626
1077.4501,50.7227
1077.6001,50.6051
1077.75,51.6901
1077.9,50.7892
1078.05,46.6837
1078.2001,46.8773
1078.3501,47.9228
1078.5,43.4396
1078.65,41.4639
1078.8,41.7042
1078.9501,43.0055
1079.1001,46.048
1079.25,49.8419
1079.4,53.9473
1079.55,57.2377
1079.7001,58.1735
1079.8501,57.6492
1080,56.5298
1080.15,55.4911
1080.3,56.0374
1080.4501,56.473
1080.6001,56.8151
1080.75,55.6557
1080.9,51.9232
1081.05,48.3622
1081.2001,48.2431
1081.3501,50.8424
1081.5,51.4046
1081.65,50.5208
1081.8,50.9692
1081.9501,51.1179
1082.1001,51.5907
1082.25,51.24
1082.4,48.0417
1082.55,50.4729
1082.7001,55.3136
1082.8501,57.7311
1083,58.6771
1083.15,58.3978
1083.3,59.487
1083.4501,58.5622
1083.6001,57.6674
1083.75,58.7957
1083.9,58.2272
1084.05,58.6831
1084.2001,57.2516
1084.3501,57.9273
1084.5,57.9274
1084.65,53.4978
1084.8,50.9832
1084.9501,51.9795
1085.1001,49.3876
1085.25,50.2503
1085.4,55.1257
1085.55,57.825
1085.7001,59.86
1085.8501,57.7479
1086,53.0938
1086.15,54.6118
1086.3,58.223
1086.4501,59.9884
1086.6001,61.8882
1086.75,55.963
1086.9,57.846
1087.05,60.1007
1087.2001,60.0034
1087.3501,62.0401
1087.5,59.7466
1087.65,59.6079
1087.8,60.8771
1087.9501,54.3634
1088.1001,53.2461
1088.25,56.2921
1088.4,60.146
1088.55,63.1305
1088.7001,64.4657
1088.8501,65.1303
1089,63.6268
1089.15,63.1618
1089.3,64.557
1089.4501,65.9338
1089.6001,67.7036
1089.75,66.3149
1089.9,65.3009
1090.05,67.7564
1090.2001,69.3647
1090.3501,70.2572
1090.5,73.5974
1090.65,74.6226
1090.8,68.9557
1090.9501,63.6046
1091.1001,63.5178
1091.25,64.2621
1091.4,64.9868
1091.55,67.9927
1091.7001,71.5265
1091.8501,72.4079
1092,70.9002
1092.15,72.3048
1092.3,74.3437
1092.4501,71.4094
1092.6001,65.7314
1092.75,64.8606
1092.9,67.5508
1093.05,66.6106
1093.2001,67.053
1093.3501,66.8898
1093.5,63.1049
1093.65,64.4806
1093.8,68.5098
1093.9501,68.0638
1094.1001,67.7752
1094.25,69.6851
1094.4,69.3499
1094.55,70.3696
1094.7001,68.5721
1094.8501,70.36
1095,74.8953
1095.15,72.27
1095.3,70.42
1095.4501,70.5965
1095.6001,71.2675
1095.75,66.4221
1095.9,64.9554
1096.05,66.0755
1096.2001,70.2513
1096.3501,71.7111
1096.5,71.1982
1096.65,72.5083
1096.8,74.3386
1096.9501,72.5896
1097.1001,72.4225
1097.25,74.6398
1097.4,76.1708
1097.55,74.1321
1097.7001,73.7998
1097.8501,72.9725
1098,74.9143
1098.15,79.2045
1098.3,79.9113
1098.4501,80.4419
1098.6001,80.2337
1098.75,80.9861
1098.9,79.4046
1099.05,74.9335
1099.2001,74.594
1099.3501,76.9372
1099.5,78.9282
1099.65,81.1617
1099.8,82.1392
1099.9501,81.7498
1100.1001,81.5487
1100.25,82.8972
1100.4,81.9961
1100.55,79.3269
1100.7001,80.5113
1100.8501,83.643
1101,87.5568
1101.15,89.1936
1101.3,89.4365
1101.4501,90.1186
1101.6001,87.682
1101.75,83.5623
1101.9,80.1098
1102.05,79.3512
1102.2001,79.6169
1102.3501,81.0345
1102.5,84.027
1102.65,86.3593
1102.8,85.4156
1102.9501,83.7489
1103.1001,84.2923
1103.25,85.7801
1103.4,82.3265
1103.55,81.3036
1103.7001,83.1361
1103.8501,84.6574
1104,88.7601
1104.15,89.5525
1104.3,93.7586
1104.4501,96.2724
1104.6001,93.9923
1104.75,95.66
1104.9,92.9458
1105.05,91.8298
1105.2001,87.2394
1105.3501,87.2193
1105.5,88.1204
1105.65,89.1327
1105.8,87.2734
1105.9501,85.737
1106.1001,89.6577
1106.25,93.3096
1106.4,97.9752
1106.55,97.2696
1106.7001,100.4969
1106.8501,100.7267
1107,102.9334
1107.15,104.3024
1107.3,100.5127
1107.4501,94.6242
1107.6001,94.9877
1107.75,97.7082
1107.9,98.2468
1108.05,96.5646
1108.2001,92.8876
1108.3501,89.5168
1108.5,89.2954
1108.65,90.3487
1108.8,87.0861
1108.9501,84.742
1109.1001,85.3234
1109.25,88.0083
1109.4,92.6132
1109.55,96.8321
1109.7001,100.0214
1109.8501,100.5588
1110,100.775
1110.15,98.4655
1110.3,91.3897
1110.4501,90.3314
1110.6001,94.0609
1110.75,95.5415
1110.9,94.2806
1111.05,92.2457
1111.2001,90.2152
1111.3501,92.2519
1111.5,95.3634
1111.65,96.4096
1111.8,95.2245
1111.9501,94.4784
1112.1001,91.5746
1112.25,94.061
1112.4,93.5531
1112.55,91.1177
1112.7001,92.7112
1112.8501,93.977
1113,94.9908
1113.15,97.4306
1113.3,96.7295
1113.4501,93.1593
1113.6001,93.5893
1113.75,96.9423
1113.9,99.5043
1114.05,93.8622
1114.2001,94.0215
1114.3501,95.82
1114.5,92.6531
1114.65,90.5504
1114.8,90.3569
1114.9501,85.7303
1115.1001,82.9429
1115.25,85.7202
1115.4,83.3982
1115.55,85.1657
1115.7001,85.1827
1115.8501,86.769
1116,88.7299
1116.15,90.1383
1116.3,87.9981
1116.4501,88.5339
1116.6001,88.4996
1116.75,88.913
1116.9,82.437
1117.05,77.6461
1117.2001,78.4699
1117.3501,79.8962
1117.5,79.916
1117.65,77.2925
1117.8,73.7221
1117.9501,70.8846
1118.1001,70.0681
1118.25,68.3485
1118.4,68.1743
1118.55,70.7733
1118.7001,70.3472
1118.8501,67.3765
1119,65.895
1119.15,64.2195
1119.3,64.4848
1119.4501,65.3976
1119.6001,64.5002
1119.75,66.1315
1119.9,66.1495
1120.05,62.9046
1120.2001,62.0027
1120.3501,63.0139
1120.5,62.805
1120.65,64.4037
1120.8,65.6578
1120.9501,66.9548
1121.1001,69.5525
1121.25,70.5928
1121.4,69.1046
1121.55,70.9224
1121.7001,72.0208
1121.8501,67.4331
1122,65.271
1122.15,66.1801
1122.3,67.0715
1122.4501,68.9757
1122.6001,72.7056
1122.75,76.0552
1122.9,76.7785
1123.05,75.1838
1123.2001,72.0655
1123.3501,70.4
1123.5,70.4704
1123.65,73.8912
1123.8,78.66
1123.9501,80.555
1124.1001,78.0477
1124.25,75.3951
1124.4,77.1414
1124.55,78.3629
1124.7001,75.4924
1124.8501,77.0142
1125,77.0099
1125.15,78.7689
1125.3,80.3051
1125.4501,77.124
1125.6001,78.0048
1125.75,84.3336
1125.9,89.308
1126.05,88.8107
1126.2001,90.19
1126.3501,90.0467
1126.5,91.3555
1126.65,95.8606
1126.8,97.5025
1126.9501,97.1497
1127.1001,95.6324
1127.25,92.1549
1127.4,91.0774
1127.55,93.0757
1127.7001,93.8163
1127.8501,94.1738
1128,91.0387
1128.15,88.3551
1128.3,90.0412
1128.4501,93.8832
1128.6001,96.2253
1128.75,94.6481
1128.9,93.5033
1129.05,94.5901
1129.2001,94.2288
1129.3501,91.0003
1129.5,85.2272
1129.65,81.084
1129.8,81.6938
1129.9501,83.5438
1130.1001,86.6333
1130.25,87.4769
1130.4,90.1597
1130.55,92.3055
1130.7001,92.108
1130.8501,88.6196
1131,85.5809
1131.15,87.9846
1131.3,87.2574
1131.4501,90.6747
1131.6001,90.7858
1131.75,88.3965
1131.9,90.8046
1132.05,90.115
1132.2001,89.0541
1132.3501,89.5109
1132.5,87.7761
1132.65,85.3919
1132.8,83.1291
1132.9501,84.1187
1133.1001,84.0614
1133.25,83.45
1133.4,78.2
1133.55,76.7783
1133.7001,75.0584
1133.8501,77.9266
1134,80.1449
1134.15,76.7746
1134.3,76.569
1134.4501,77.5733
1134.6001,72.808
1134.75,70.4882
1134.9,70.9589
1135.05,67.8521
1135.2001,69.1014
1135.3501,69.1451
1135.5,67.3126
1135.65,67.5016
1135.8,68.3716
1135.9501,69.5311
1136.1001,70.8558
1136.25,72.273
1136.4,72.5567
1136.55,72.9881
1136.7001,74.7119
1136.8501,73.7095
1137,70.5769
1137.15,69.6278
1137.3,72.1748
1137.4501,75.7329
1137.6001,77.5697
1137.75,78.3
1137.9,79.6171
1138.05,79.6693
1138.2001,79.7999
1138.3501,81.2964
1138.5,79.4542
1138.65,77.1655
1138.8,78.7455
1138.9501,77.9065
1139.1001,76.8203
1139.25,80.5186
1139.4,82.3622
1139.55,84.2952
1139.7001,87.3555
1139.8501,89.7014
1140,90.0461
1140.15,89.1918
1140.3,90.6411
1140.4501,89.4275
1140.6001,86.2608
1140.75,84.9117
1140.9,84.3182
1141.05,85.7507
1141.2001,87.8184
1141.3501,88.2278
1141.5,87.8775
1141.65,82.6337
1141.8,79.1657
1141.9501,76.3074
1142.1001,79.8089
1142.25,80.4698
1142.4,75.409
1142.55,76.5804
1142.7001,76.119
1142.8501,75.99
1143,77.2138
1143.15,72.2767
1143.3,74.7228
1143.4501,70.8136
1143.6001,71.1161
1143.75,74.1264
1143.9,79.9781
1144.05,84.2936
1144.2001,81.6766
1144.3501,74.3683
1144.5,71.4936
1144.65,73.5341
1144.8,76.9274
1144.9501,76.1106
1145.1001,71.8973
1145.25,73.9047
1145.4,74.1929
1145.55,75.6094
1145.7001,79.962
1145.8501,82.3032
1146,80.6025
1146.15,81.1873
1146.3,82.3346
1146.4501,79.5301
1146.6001,76.0347
1146.75,75.0146
1146.9,75.6336
1147.05,74.6416
1147.2001,74.335
1147.3501,77.7828
1147.5,80.747
1147.65,79.3808
1147.8,75.4497
1147.9501,73.788
1148.1001,74.8775
1148.25,73.2111
1148.4,69.5521
1148.55,68.2577
1148.7001,69.8087
1148.8501,73.6794
1149,73.8607
1149.15,72.6835
1149.3,72.5152
1149.4501,71.5123
1149.6001,71.3277
1149.75,67.9765
1149.9,64.7615
1150.05,63.1453
1150.2001,65.4813
1150.3501,68.7914
1150.5,68.8953
1150.65,62.7319
1150.8,61.0058
1150.9501,63.0457
1151.1001,65.9687
1151.25,70.1019
1151.4,71.9357
1151.55,71.9602
1151.7001,74.7132
1151.8501,71.49
1152,74.6636
1152.15,72.6388
1152.3,73.98
1152.4501,76.24
1152.6001,73.9555
1152.75,71.4237
1152.9,76.6298
1153.05,79.2632
1153.2001,80.7
1153.3501,77.072
1153.5,75.1333
1153.65,76.0492
1153.8,77.1333
1153.9501,78.1305
1154.1001,77.4534
1154.25,80.8208
1154.4,87.5554
1154.55,88.5774
1154.7001,84.6558
1154.8501,82.0854
1155,84.1452
1155.15,88.0485
1155.3,87.2734
1155.4501,84.6894
1155.6001,79.8597
1155.75,73.5237
1155.9,73.5996
1156.05,77.1098
1156.2001,79.1226
1156.3501,77.3243
1156.5,76.2341
1156.65,75.1791
1156.8,76.5007
1156.9501,78.5586
1157.1001,80.0513
1157.25,81.5975
1157.4,78.8472
1157.55,74.832
1157.7001,75.0134
1157.8501,75.9734
1158,74.9063
1158.15,75.7378
1158.3,77.2889
1158.4501,77.8193
1158.6001,77.3259
1158.75,76.9686
1158.9,79.1128
1159.05,79.4312
1159.2001,79.1362
1159.3501,81.8351
1159.5,83.5636
1159.65,83.645
1159.8,81.1418
1159.9501,82.8746
1160.1001,85.1724
1160.25,82.8342
1160.4,85.3891
1160.55,83.9678
1160.7001,82.9849
1160.8501,85.2812
1161,88.4534
1161.15,87.9747
1161.3,88.0699
1161.4501,86.1564
1161.6001,86.7932
1161.75,87.3708
1161.9,78.34
1162.05,78.4486
1162.2001,78.8785
1162.3501,81.6744
1162.5,83.5771
1162.65,78.1108
1162.8,74.0682
1162.9501,75.0133
1163.1001,78.3306
1163.25,80.1888
1163.4,78.7429
1163.55,79.4155
1163.7001,77.2766
1163.8501,77.8849
1164,78.9891
1164.15,78.3999
1164.3,75.7374
1164.4501,77.4007
1164.6001,81.2269
1164.75,83.6486
1164.9,84.2
1165.05,84.1933
1165.2001,80.7794
1165.3501,79.034
1165.5,79.5168
1165.65,76.8825
1165.8,75.1056
1165.9501,76.333
1166.1001,78.5299
1166.25,81.0291
1166.4,82.9444
1166.55,82.1406
1166.7001,81.0119
1166.8501,80.289
1167,79.8879
1167.15,81.4864
1167.3,81.4292
1167.4501,81.2887
1167.6001,83.4923
1167.75,83.016
1167.9,81.8204
1168.05,82.6285
1168.2001,82.8935
1168.3501,85.3495
1168.5,91.65
1168.65,94.7987
1168.8,90.402
1168.9501,83.6808
1169.1001,77.8142
1169.25,80.0808
1169.4,79.4383
1169.55,78.3176
1169.7001,79.332
1169.8501,78.2469
1170,76.4963
1170.15,78.3188
1170.3,79.6985
1170.4501,77.2082
1170.6001,80.2505
1170.75,82.8214
1170.9,78.3252
1171.05,78.3946
1171.2001,77.0454
1171.3501,72.4393
1171.5,71.54
1171.65,72.2943
1171.8,77.0175
1171.9501,74.8596
1172.1001,77.3548
1172.25,80.9263
1172.4,80.5811
1172.55,82.3548
1172.7001,85.0273
1172.8501,86.6035
1173,83.6753
1173.15,84.6547
1173.3,88.6564
1173.4501,87.1695
1173.6001,84.3401
1173.75,85.3733
1173.9,82.531
1174.05,81.5825
1174.2001,82.37
1174.3501,78.6692
1174.5,75.5348
1174.65,73.6494
1174.8,68.6889
1174.9501,66.5935
1175.1001,68.2715
1175.25,67.7296
1175.4,67.6582
1175.55,67.7118
1175.7001,67.5954
1175.8501,71.0713
1176,72.2317
1176.15,71.6657
1176.3,73.1058
1176.4501,75.0885
1176.6001,78.1193
1176.75,77.1555
1176.9,74.4356
1177.05,74.2097
1177.2001,70.85
1177.3501,68.9707
1177.5,71.9209
1177.65,75.2599
1177.8,75.1528
1177.9501,72.7366
1178.1001,75.3481
1178.25,75.3219
1178.4,75.9181
1178.55,79.0977
1178.7001,78.4095
1178.8501,77.8326
1179,74.9343
1179.15,76.1317
1179.3,77.8501
1179.4501,78.8945
1179.6001,80.694
1179.75,83.5411
1179.9,86.3421
1180.05,87.2695
1180.2001,90.3695
1180.3501,92.4646
1180.5,87.9784
1180.65,84.1091
1180.8,85.0449
1180.9501,87.06
1181.1001,87.06
1181.25,80.408
1181.4,84.0129
1181.55,86.9048
1181.7001,90.5647
1181.8501,91.7019
1182,88.9109
1182.15,83.8159
1182.3,84.1591
1182.4501,82.8377
1182.6001,79.5413
1182.75,79.3249
1182.9,80.9637
1183.05,83.4022
1183.2001,84.7473
1183.3501,84.1882
1183.5,80.9558
1183.65,79.9304
1183.8,81.4072
1183.9501,79.4547
1184.1001,75.2709
1184.25,76.5753
1184.4,80.3909
1184.55,80.5406
1184.7001,80.6252
1184.8501,79.0662
1185,80.5609
1185.15,83.6401
1185.3,83.7295
1185.4501,80.9955
1185.6001,80.1607
1185.75,80.7125
1185.9,78.8722
1186.05,78.3482
1186.2001,77.6281
1186.3501,75.9472
1186.5,75.1093
1186.65,73.3222
1186.8,73.0738
1186.9501,72.4913
1187.1001,72.4338
1187.25,71.7976
1187.4,73.7686
1187.55,76.4408
1187.7001,78.8829
1187.8501,78.8127
1188,77.1627
1188.15,78.9069
1188.3,81.1198
1188.4501,82.1228
1188.6001,80.0016
1188.75,80.7173
1188.9,80.823
1189.05,76.707
1189.2001,76.8325
1189.3501,77.4773
1189.5,78.5592
1189.65,82.9308
1189.8,84.4057
1189.9501,85.8198
1190.1001,84.1198
1190.25,81.2377
1190.4,76.52
1190.55,78.3
1190.7001,79.8099
1190.8501,82.5005
1191,86.2646
1191.15,88.0192
1191.3,83.8048
1191.4501,79.8541
1191.6001,79.8059
1191.75,78.2976
1191.9,72.1279
1192.05,72.4296
1192.2001,73.5002
1192.3501,74.9715
1192.5,75.1776
1192.65,76.9433
1192.8,78.4656
1192.9501,76.4476
1193.1001,73.7023
1193.25,72.2095
1193.4,72.4238
1193.55,74.7687
1193.7001,77.8478
1193.8501,76.9406
1194,76.5309
1194.15,77.5926
1194.3,76.6049
1194.4501,75.7628
1194.6001,74.174
1194.75,72.9702
1194.9,72.9559
1195.05,71.0854
1195.2001,71.3516
1195.3501,73.8749
1195.5,74.8726
1195.65,76.1666
1195.8,76.9403
1195.9501,75.6803
1196.1001,75.5822
1196.25,75.1764
1196.4,71.9146
1196.55,71.2898
1196.7001,70.1727
1196.8501,71.5647
1197,73.4349
1197.15,73.3237
1197.3,72.8025
1197.4501,74.3897
1197.6001,71.2975
1197.75,68.9167
1197.9,70.8388
1198.05,71.7676
1198.2001,69.4349
1198.3501,67.461
1198.5,70.5791
1198.65,66.7336
1198.8,68.9194
1198.9501,71.4844
1199.1001,76.5282
1199.25,79.6929
1199.4,75.9226
1199.55,77.7036
1199.7001,77.0576
1199.8501,75.9926
1200,77.7
1200.15,77.621
1200.3,76.6274
1200.4501,71.5305
1200.6001,72.1101
1200.75,70.036
1200.9,74.1393
1201.05,71.6228
1201.2001,71.4373
1201.3501,72.054
1201.5,73.4119
1201.65,73.1357
1201.8,70.4507
1201.9501,70.3244
1202.1001,69.9328
1202.25,64.9036
1202.4,64.0549
1202.55,66.1782
1202.7001,69.9376
1202.8501,71.9076
1203,70.3774
1203.15,66.4579
1203.3,67.0892
1203.4501,66.8696
1203.6001,67.7266
1203.75,70.8858
1203.9,71.4804
1204.05,68.7302
1204.2001,66.7792
1204.3501,67.2602
1204.5,69.2177
1204.65,71.6063
1204.8,71.7032
1204.9501,71.6661
1205.1001,73.335
1205.25,74.3077
1205.4,73.1852
1205.55,71.5223
1205.7001,73.423
1205.8501,75.9164
1206,76.8406
1206.15,75.2371
1206.3,72.8805
1206.4501,75.764
1206.6001,78.7034
1206.75,77.8601
1206.9,80.2087
1207.05,80.535
1207.2001,80.271
1207.3501,78.2496
1207.5,79.4479
1207.65,80.445
1207.8,84.2987
1207.9501,80.8822
1208.1001,75.8614
1208.25,76.264
1208.4,74.9633
1208.55,76.6432
1208.7001,78.2765
1208.8501,81.3121
1209,84.8929
1209.15,88.1275
1209.3,84.0547
1209.4501,84.3896
1209.6001,83.91
1209.75,87.1063
1209.9,90.2246
1210.05,85.888
1210.2001,81.2909
1210.3501,79.3879
1210.5,77.7639
1210.65,78.8771
1210.8,81.7783
1210.9501,82.917
1211.1001,78.6945
1211.25,79.3886
1211.4,84.5339
1211.55,89.7736
1211.7001,93.6347
1211.8501,91.9827
1212,92.1205
1212.15,90.9287
1212.3,90.4378
1212.4501,93.6488
1212.6001,95.9411
1212.75,99.7017
1212.9,99.7252
1213.05,94.1825
1213.2001,90.5036
1213.3501,91.2771
1213.5,94.3631
1213.65,96.6432
1213.8,96.2614
1213.9501,98.0781
1214.1001,101.4132
1214.25,99.655
1214.4,94.5693
1214.55,88.4997
1214.7001,85.3607
1214.8501,88.0235
1215,88.4309
1215.15,86.5527
1215.3,89.3114
1215.4501,96.5081
1215.6001,100.4121
1215.75,95.0464
1215.9,90.4136
1216.05,92.185
1216.2001,89.9816
1216.3501,81.142
1216.5,75.6485
1216.65,69.6516
1216.8,64.7224
1216.9501,66.6995
1217.1001,69.7873
1217.25,68.6873
1217.4,66.5686
1217.55,67.8523
1217.7001,66.6162
1217.8501,68.392
1218,69.1008
1218.15,68.2332
1218.3,69.3239
1218.4501,68.0214
1218.6001,68.8293
1218.75,70.6809
1218.9,69.7428
1219.05,67.11
1219.2001,70.8507
1219.3501,69.7897
1219.5,65.3975
1219.65,59.5437
1219.8,60.7648
1219.9501,62.2509
1220.1001,66.4766
1220.25,69.4776
1220.4,69.046
1220.55,67.3022
1220.7001,71.9619
1220.8501,76.7022
1221,79.127
1221.15,78.9036
1221.3,74.5527
1221.4501,73.9597
1221.6001,76.3771
1221.75,77.8691
1221.9,75.334
1222.05,73.3815
1222.2001,70.1777
1222.3501,66.3557
1222.5,66.2549
1222.65,65.5336
1222.8,63.5731
1222.9501,59.3301
1223.1001,56.8787
1223.25,58.2334
1223.4,57.9563
1223.55,60.4681
1223.7001,63.4512
1223.8501,64.9185
1224,67.5312
1224.15,66.8348
1224.3,65.6703
1224.4501,68.1818
1224.6001,70.2913
1224.75,69.4749
1224.9,70.3009
1225.05,76.0011
1225.2001,79.998
1225.3501,79.367
1225.5,80.4536
1225.65,79.1744
1225.8,75.1829
1225.9501,75.3077
1226.1001,71.7266
1226.25,71.3463
1226.4,73.8782
1226.55,80.0748
1226.7001,81.476
1226.8501,82.1245
1227,83.8913
1227.15,90.5045
1227.3,96.6251
1227.4501,98.2425
1227.6001,97.6539
1227.75,103.2857
1227.9,106.4933
1228.05,108.613
1228.2001,106.3048
1228.3501,108.3301
1228.5,111.19
1228.65,116.76
1228.8,115.2697
1228.9501,111.8374
1229.1001,108.2441
1229.25,111.8329
1229.4,111.6675
1229.55,112.7819
1229.7001,118.3644
1229.8501,124.403
1230,131.0202
1230.15,133.4543
1230.3,129.0714
1230.4501,126.694
1230.6001,126.968
1230.75,128.507
1230.9,127.5497
1231.05,123.6399
1231.2001,125.3079
1231.3501,128.1436
1231.5,126.629
1231.65,120.858
1231.8,119.9562
1231.9501,118.7806
1232.1001,118.105
1232.25,119.9862
1232.4,122.7131
1232.55,124.5436
1232.7001,127.4079
1232.8501,130.005
1233,129.2565
1233.15,124.942
1233.3,122.6655
1233.4501,125.1406
1233.6001,127.9066
1233.75,129.2825
1233.9,127.4701
1234.05,122.1926
1234.2001,117.0504
1234.3501,113.3558
1234.5,114.1792
1234.65,118.8614
1234.8,121.795
1234.9501,122.8959
1235.1001,126.1397
1235.25,127.1725
1235.4,125.7534
1235.55,124.2212
1235.7001,123.4286
1235.8501,123.3423
1236,119.0316
1236.15,118.4201
1236.3,118.8567
1236.4501,119.1037
1236.6001,121.7869
1236.75,124.5835
1236.9,124.6842
1237.05,121.038
1237.2001,121.7808
1237.3501,125.3689
1237.5,129.6923
1237.65,125.7209
1237.8,122.2675
1237.9501,117.3239
1238.1001,116.49
1238.25,106.2847
1238.4,101.6054
1238.55,95.3832
1238.7001,96.8043
1238.8501,96.4466
1239,93.8699
1239.15,90.1168
1239.3,92.9927
1239.4501,96.0115
1239.6001,99.8689
1239.75,101.0692
1239.9,99.1395
1240.05,98.9979
1240.2001,95.436
1240.3501,97.2643
1240.5,101.8528
1240.65,107.5674
1240.8,105.9568
1240.9501,103.0256
1241.1001,102.0075
1241.25,101.6232
1241.4,101.6503
1241.55,98.0159
1241.7001,94.287
1241.8501,95.7019
1242,100.5227
1242.15,102.1331
1242.3,98.0589
1242.4501,95.3248
1242.6001,96.4556
1242.75,100.2002
1242.9,105.1583
1243.05,106.3567
1243.2001,103.6709
1243.3501,102.4288
1243.5,103.882
1243.65,105.8336
1243.8,109.3379
1243.9501,113.7187
1244.1001,114.3344
1244.25,110.4288
1244.4,105.9004
1244.55,108.6536
1244.7001,113.4118
1244.8501,115.4925
1245,113.3826
1245.15,108.8086
1245.3,104.6611
1245.4501,102.7729
1245.6001,105.1004
1245.75,107.7367
1245.9,109.9815
1246.05,115.6866
1246.2001,118.6739
1246.3501,119.5658
1246.5,120.3005
1246.65,118.4728
1246.8,116.6898
1246.9501,113.2329
1247.1001,105.7923
1247.25,109.0902
1247.4,109.8979
1247.55,115.45
1247.7001,114.86
1247.8501,117.2818
1248,115.0082
1248.15,105.2304
1248.3,100.3029
1248.4501,98.5544
1248.6001,91.2962
1248.75,83.4623
1248.9,75.9842
1249.05,74.0311
1249.2001,76.6857
1249.3501,78.6143
1249.5,79.501
1249.65,76.3747
1249.8,77.6102
1249.9501,74.7266
1250.1001,71.7393
